[
  {
    "student_id": "S1000",
    "name": "Aarohi Iyer",
    "class": "10-C",
    "comprehension": 77.9,
    "attention": 46.8,
    "focus": 67.1,
    "retention": 71.6,
    "assessment_score": 59.1,
    "engagement_time": 59.2
  },
  {
    "student_id": "S1001",
    "name": "Aarav Das",
    "class": "11-A",
    "comprehension": 68.4,
    "attention": 54.2,
    "focus": 45.9,
    "retention": 47.7,
    "assessment_score": 56.7,
    "engagement_time": 53.3
  },
  {
    "student_id": "S1002",
    "name": "Aadhya Bose",
    "class": "10-C",
    "comprehension": 73.9,
    "attention": 74.0,
    "focus": 77.9,
    "retention": 66.9,
    "assessment_score": 76.9,
    "engagement_time": 67.8
  },
  {
    "student_id": "S1003",
    "name": "Diya Iyer",
    "class": "10-A",
    "comprehension": 77.4,
    "attention": 82.9,
    "focus": 88.1,
    "retention": 70.3,
    "assessment_score": 79.8,
    "engagement_time": 73.8
  },
  {
    "student_id": "S1004",
    "name": "Meera Mishra",
    "class": "10-A",
    "comprehension": 53.0,
    "attention": 37.6,
    "focus": 38.2,
    "retention": 37.9,
    "assessment_score": 47.3,
    "engagement_time": 37.2
  },
  {
    "student_id": "S1005",
    "name": "Vivaan Singh",
    "class": "11-A",
    "comprehension": 54.6,
    "attention": 54.5,
    "focus": 61.0,
    "retention": 41.6,
    "assessment_score": 45.8,
    "engagement_time": 42.4
  },
  {
    "student_id": "S1006",
    "name": "Krishna Patel",
    "class": "11-B",
    "comprehension": 88.1,
    "attention": 65.2,
    "focus": 56.4,
    "retention": 76.5,
    "assessment_score": 61.0,
    "engagement_time": 48.7
  },
  {
    "student_id": "S1007",
    "name": "Aarav Reddy",
    "class": "11-B",
    "comprehension": 77.2,
    "attention": 68.3,
    "focus": 46.4,
    "retention": 58.6,
    "assessment_score": 69.5,
    "engagement_time": 49.2
  },
  {
    "student_id": "S1008",
    "name": "Kabir Bose",
    "class": "10-A",
    "comprehension": 66.6,
    "attention": 59.2,
    "focus": 33.3,
    "retention": 64.9,
    "assessment_score": 51.4,
    "engagement_time": 38.1
  },
  {
    "student_id": "S1009",
    "name": "Saanvi Yadav",
    "class": "10-A",
    "comprehension": 74.9,
    "attention": 89.5,
    "focus": 98.9,
    "retention": 59.6,
    "assessment_score": 76.1,
    "engagement_time": 106.2
  },
  {
    "student_id": "S1010",
    "name": "Aarav Mishra",
    "class": "11-B",
    "comprehension": 70.8,
    "attention": 66.8,
    "focus": 63.2,
    "retention": 47.9,
    "assessment_score": 67.2,
    "engagement_time": 41.2
  },
  {
    "student_id": "S1011",
    "name": "Kabir Rastogi",
    "class": "10-B",
    "comprehension": 59.9,
    "attention": 49.9,
    "focus": 61.4,
    "retention": 47.7,
    "assessment_score": 56.9,
    "engagement_time": 56.2
  },
  {
    "student_id": "S1012",
    "name": "Ishita Mishra",
    "class": "11-B",
    "comprehension": 85.4,
    "attention": 50.3,
    "focus": 67.1,
    "retention": 77.7,
    "assessment_score": 72.1,
    "engagement_time": 53.7
  },
  {
    "student_id": "S1013",
    "name": "Krishna Bose",
    "class": "10-C",
    "comprehension": 34.5,
    "attention": 60.0,
    "focus": 35.0,
    "retention": 36.0,
    "assessment_score": 52.1,
    "engagement_time": 74.2
  },
  {
    "student_id": "S1014",
    "name": "Om Singh",
    "class": "10-B",
    "comprehension": 53.2,
    "attention": 41.8,
    "focus": 67.3,
    "retention": 43.4,
    "assessment_score": 46.0,
    "engagement_time": 44.8
  },
  {
    "student_id": "S1015",
    "name": "Sara Sharma",
    "class": "10-C",
    "comprehension": 57.0,
    "attention": 50.0,
    "focus": 58.6,
    "retention": 32.1,
    "assessment_score": 55.8,
    "engagement_time": 80.8
  },
  {
    "student_id": "S1016",
    "name": "Aditi Khan",
    "class": "10-A",
    "comprehension": 37.3,
    "attention": 59.4,
    "focus": 37.6,
    "retention": 40.2,
    "assessment_score": 39.5,
    "engagement_time": 33.6
  },
  {
    "student_id": "S1017",
    "name": "Ishita Shetty",
    "class": "10-B",
    "comprehension": 56.1,
    "attention": 60.1,
    "focus": 58.6,
    "retention": 65.9,
    "assessment_score": 58.2,
    "engagement_time": 54.3
  },
  {
    "student_id": "S1018",
    "name": "Advait Das",
    "class": "10-C",
    "comprehension": 43.1,
    "attention": 58.5,
    "focus": 46.0,
    "retention": 40.7,
    "assessment_score": 52.2,
    "engagement_time": 34.6
  },
  {
    "student_id": "S1019",
    "name": "Diya Verma",
    "class": "10-C",
    "comprehension": 45.9,
    "attention": 45.3,
    "focus": 47.0,
    "retention": 49.4,
    "assessment_score": 50.0,
    "engagement_time": 86.2
  },
  {
    "student_id": "S1020",
    "name": "Aditi Mehta",
    "class": "10-B",
    "comprehension": 97.1,
    "attention": 100.0,
    "focus": 76.4,
    "retention": 74.9,
    "assessment_score": 85.5,
    "engagement_time": 62.2
  },
  {
    "student_id": "S1021",
    "name": "Ananya Reddy",
    "class": "11-A",
    "comprehension": 41.2,
    "attention": 59.8,
    "focus": 33.0,
    "retention": 57.7,
    "assessment_score": 49.6,
    "engagement_time": 35.2
  },
  {
    "student_id": "S1022",
    "name": "Ira Iyer",
    "class": "11-B",
    "comprehension": 62.9,
    "attention": 61.6,
    "focus": 82.2,
    "retention": 84.6,
    "assessment_score": 66.7,
    "engagement_time": 70.7
  },
  {
    "student_id": "S1023",
    "name": "Anaya Joshi",
    "class": "12-A",
    "comprehension": 53.8,
    "attention": 40.8,
    "focus": 40.1,
    "retention": 23.7,
    "assessment_score": 34.7,
    "engagement_time": 39.9
  },
  {
    "student_id": "S1024",
    "name": "Aarya Das",
    "class": "10-C",
    "comprehension": 67.2,
    "attention": 55.9,
    "focus": 61.5,
    "retention": 38.7,
    "assessment_score": 48.1,
    "engagement_time": 44.6
  },
  {
    "student_id": "S1025",
    "name": "Nisha Patel",
    "class": "11-B",
    "comprehension": 73.5,
    "attention": 85.1,
    "focus": 58.5,
    "retention": 76.9,
    "assessment_score": 56.9,
    "engagement_time": 64.1
  },
  {
    "student_id": "S1026",
    "name": "Ritvik Naidu",
    "class": "12-A",
    "comprehension": 43.3,
    "attention": 35.4,
    "focus": 33.7,
    "retention": 58.6,
    "assessment_score": 54.2,
    "engagement_time": 54.4
  },
  {
    "student_id": "S1027",
    "name": "Tara Iyer",
    "class": "11-B",
    "comprehension": 58.6,
    "attention": 60.0,
    "focus": 38.6,
    "retention": 45.5,
    "assessment_score": 41.4,
    "engagement_time": 37.9
  },
  {
    "student_id": "S1028",
    "name": "Arjun Kulkarni",
    "class": "10-A",
    "comprehension": 54.5,
    "attention": 58.1,
    "focus": 39.8,
    "retention": 37.1,
    "assessment_score": 44.8,
    "engagement_time": 58.9
  },
  {
    "student_id": "S1029",
    "name": "Vivaan Mishra",
    "class": "12-A",
    "comprehension": 45.8,
    "attention": 39.9,
    "focus": 70.7,
    "retention": 49.4,
    "assessment_score": 50.1,
    "engagement_time": 94.3
  },
  {
    "student_id": "S1030",
    "name": "Riya Rastogi",
    "class": "11-B",
    "comprehension": 41.7,
    "attention": 31.0,
    "focus": 18.7,
    "retention": 25.9,
    "assessment_score": 31.6,
    "engagement_time": 35.9
  },
  {
    "student_id": "S1031",
    "name": "Aarya Joshi",
    "class": "10-C",
    "comprehension": 62.2,
    "attention": 53.6,
    "focus": 82.0,
    "retention": 64.5,
    "assessment_score": 66.4,
    "engagement_time": 35.1
  },
  {
    "student_id": "S1032",
    "name": "Zara Verma",
    "class": "12-A",
    "comprehension": 62.0,
    "attention": 54.8,
    "focus": 49.6,
    "retention": 40.8,
    "assessment_score": 55.9,
    "engagement_time": 52.2
  },
  {
    "student_id": "S1033",
    "name": "Ishita Reddy",
    "class": "10-A",
    "comprehension": 49.0,
    "attention": 50.0,
    "focus": 32.3,
    "retention": 27.9,
    "assessment_score": 37.5,
    "engagement_time": 83.9
  },
  {
    "student_id": "S1034",
    "name": "Vihaan Saxena",
    "class": "10-B",
    "comprehension": 79.5,
    "attention": 100.0,
    "focus": 69.0,
    "retention": 72.7,
    "assessment_score": 73.5,
    "engagement_time": 66.7
  },
  {
    "student_id": "S1035",
    "name": "Aadhya Nair",
    "class": "10-C",
    "comprehension": 63.3,
    "attention": 52.3,
    "focus": 32.2,
    "retention": 44.4,
    "assessment_score": 51.2,
    "engagement_time": 85.2
  },
  {
    "student_id": "S1036",
    "name": "Vivaan Bose",
    "class": "10-A",
    "comprehension": 38.8,
    "attention": 61.1,
    "focus": 37.7,
    "retention": 63.7,
    "assessment_score": 44.3,
    "engagement_time": 53.9
  },
  {
    "student_id": "S1037",
    "name": "Rohan Iyer",
    "class": "10-A",
    "comprehension": 18.4,
    "attention": 23.5,
    "focus": 43.5,
    "retention": 18.8,
    "assessment_score": 35.1,
    "engagement_time": 46.9
  },
  {
    "student_id": "S1038",
    "name": "Ira Das",
    "class": "12-A",
    "comprehension": 37.1,
    "attention": 18.2,
    "focus": 20.4,
    "retention": 45.7,
    "assessment_score": 34.7,
    "engagement_time": 53.6
  },
  {
    "student_id": "S1039",
    "name": "Om Rastogi",
    "class": "11-B",
    "comprehension": 76.6,
    "attention": 66.7,
    "focus": 46.8,
    "retention": 56.7,
    "assessment_score": 66.3,
    "engagement_time": 87.7
  },
  {
    "student_id": "S1040",
    "name": "Pranav Joshi",
    "class": "10-B",
    "comprehension": 80.0,
    "attention": 62.5,
    "focus": 41.4,
    "retention": 56.8,
    "assessment_score": 62.5,
    "engagement_time": 37.8
  },
  {
    "student_id": "S1041",
    "name": "Ishaan Joshi",
    "class": "10-C",
    "comprehension": 55.1,
    "attention": 58.0,
    "focus": 70.6,
    "retention": 62.3,
    "assessment_score": 64.6,
    "engagement_time": 48.6
  },
  {
    "student_id": "S1042",
    "name": "Anaya Verma",
    "class": "10-C",
    "comprehension": 67.3,
    "attention": 36.3,
    "focus": 53.3,
    "retention": 40.4,
    "assessment_score": 51.7,
    "engagement_time": 50.3
  },
  {
    "student_id": "S1043",
    "name": "Meera Das",
    "class": "11-B",
    "comprehension": 59.7,
    "attention": 61.5,
    "focus": 41.7,
    "retention": 58.1,
    "assessment_score": 44.6,
    "engagement_time": 48.2
  },
  {
    "student_id": "S1044",
    "name": "Ishita Saxena",
    "class": "10-B",
    "comprehension": 28.6,
    "attention": 16.7,
    "focus": 25.7,
    "retention": 31.4,
    "assessment_score": 28.0,
    "engagement_time": 28.9
  },
  {
    "student_id": "S1045",
    "name": "Aarohi Reddy",
    "class": "12-A",
    "comprehension": 57.5,
    "attention": 55.6,
    "focus": 39.8,
    "retention": 48.6,
    "assessment_score": 43.6,
    "engagement_time": 30.6
  },
  {
    "student_id": "S1046",
    "name": "Aarya Rastogi",
    "class": "10-C",
    "comprehension": 56.9,
    "attention": 53.3,
    "focus": 10.5,
    "retention": 48.5,
    "assessment_score": 38.3,
    "engagement_time": 47.8
  },
  {
    "student_id": "S1047",
    "name": "Ishaan Mishra",
    "class": "10-B",
    "comprehension": 49.8,
    "attention": 51.1,
    "focus": 48.2,
    "retention": 91.3,
    "assessment_score": 58.3,
    "engagement_time": 33.6
  },
  {
    "student_id": "S1048",
    "name": "Ritvik Bose",
    "class": "12-A",
    "comprehension": 87.7,
    "attention": 70.9,
    "focus": 71.3,
    "retention": 57.9,
    "assessment_score": 78.7,
    "engagement_time": 77.7
  },
  {
    "student_id": "S1049",
    "name": "Ishaan Naidu",
    "class": "12-A",
    "comprehension": 51.2,
    "attention": 31.2,
    "focus": 54.7,
    "retention": 27.8,
    "assessment_score": 41.4,
    "engagement_time": 34.5
  },
  {
    "student_id": "S1050",
    "name": "Ira Das",
    "class": "10-C",
    "comprehension": 48.0,
    "attention": 48.9,
    "focus": 59.8,
    "retention": 42.8,
    "assessment_score": 49.1,
    "engagement_time": 42.8
  },
  {
    "student_id": "S1051",
    "name": "Arjun Rastogi",
    "class": "11-B",
    "comprehension": 65.2,
    "attention": 73.7,
    "focus": 73.5,
    "retention": 46.2,
    "assessment_score": 72.3,
    "engagement_time": 76.5
  },
  {
    "student_id": "S1052",
    "name": "Ishita Mishra",
    "class": "11-A",
    "comprehension": 66.7,
    "attention": 58.3,
    "focus": 69.6,
    "retention": 47.8,
    "assessment_score": 59.9,
    "engagement_time": 48.6
  },
  {
    "student_id": "S1053",
    "name": "Aadhya Saxena",
    "class": "10-C",
    "comprehension": 76.0,
    "attention": 79.1,
    "focus": 53.4,
    "retention": 79.3,
    "assessment_score": 84.1,
    "engagement_time": 71.0
  },
  {
    "student_id": "S1054",
    "name": "Advait Patel",
    "class": "10-A",
    "comprehension": 55.0,
    "attention": 47.9,
    "focus": 69.2,
    "retention": 74.3,
    "assessment_score": 61.8,
    "engagement_time": 53.2
  },
  {
    "student_id": "S1055",
    "name": "Aadhya Patel",
    "class": "10-A",
    "comprehension": 58.6,
    "attention": 53.1,
    "focus": 50.9,
    "retention": 54.4,
    "assessment_score": 40.5,
    "engagement_time": 29.0
  },
  {
    "student_id": "S1056",
    "name": "Nisha Mehta",
    "class": "12-A",
    "comprehension": 55.7,
    "attention": 59.6,
    "focus": 61.8,
    "retention": 39.3,
    "assessment_score": 58.4,
    "engagement_time": 93.3
  },
  {
    "student_id": "S1057",
    "name": "Ira Das",
    "class": "11-A",
    "comprehension": 60.0,
    "attention": 35.9,
    "focus": 40.5,
    "retention": 51.3,
    "assessment_score": 49.7,
    "engagement_time": 50.8
  },
  {
    "student_id": "S1058",
    "name": "Vivaan Verma",
    "class": "10-C",
    "comprehension": 69.7,
    "attention": 58.4,
    "focus": 60.5,
    "retention": 52.2,
    "assessment_score": 66.0,
    "engagement_time": 47.8
  },
  {
    "student_id": "S1059",
    "name": "Arjun Singh",
    "class": "10-A",
    "comprehension": 69.5,
    "attention": 60.0,
    "focus": 63.8,
    "retention": 75.6,
    "assessment_score": 68.6,
    "engagement_time": 61.5
  },
  {
    "student_id": "S1060",
    "name": "Neha Mehta",
    "class": "10-A",
    "comprehension": 57.9,
    "attention": 68.2,
    "focus": 30.4,
    "retention": 44.9,
    "assessment_score": 46.9,
    "engagement_time": 50.3
  },
  {
    "student_id": "S1061",
    "name": "Kabir Rastogi",
    "class": "10-C",
    "comprehension": 27.3,
    "attention": 55.8,
    "focus": 42.7,
    "retention": 32.1,
    "assessment_score": 28.5,
    "engagement_time": 53.4
  },
  {
    "student_id": "S1062",
    "name": "Reyansh Kulkarni",
    "class": "10-B",
    "comprehension": 37.6,
    "attention": 13.7,
    "focus": 11.6,
    "retention": 44.6,
    "assessment_score": 26.5,
    "engagement_time": 28.1
  },
  {
    "student_id": "S1063",
    "name": "Neha Rastogi",
    "class": "12-A",
    "comprehension": 20.2,
    "attention": 39.3,
    "focus": 25.7,
    "retention": 55.2,
    "assessment_score": 25.5,
    "engagement_time": 26.9
  },
  {
    "student_id": "S1064",
    "name": "Om Gupta",
    "class": "10-C",
    "comprehension": 63.0,
    "attention": 62.2,
    "focus": 43.8,
    "retention": 53.6,
    "assessment_score": 49.9,
    "engagement_time": 52.5
  },
  {
    "student_id": "S1065",
    "name": "Sara Gupta",
    "class": "10-B",
    "comprehension": 55.6,
    "attention": 57.3,
    "focus": 44.6,
    "retention": 57.7,
    "assessment_score": 52.7,
    "engagement_time": 16.8
  },
  {
    "student_id": "S1066",
    "name": "Aadhya Mishra",
    "class": "12-A",
    "comprehension": 56.1,
    "attention": 79.1,
    "focus": 67.1,
    "retention": 63.5,
    "assessment_score": 71.6,
    "engagement_time": 70.9
  },
  {
    "student_id": "S1067",
    "name": "Tara Das",
    "class": "11-A",
    "comprehension": 74.6,
    "attention": 63.9,
    "focus": 57.3,
    "retention": 61.4,
    "assessment_score": 62.8,
    "engagement_time": 22.3
  },
  {
    "student_id": "S1068",
    "name": "Ritvik Singh",
    "class": "11-B",
    "comprehension": 54.4,
    "attention": 51.0,
    "focus": 15.9,
    "retention": 62.7,
    "assessment_score": 36.5,
    "engagement_time": 36.7
  },
  {
    "student_id": "S1069",
    "name": "Krishna Singh",
    "class": "12-A",
    "comprehension": 53.7,
    "attention": 45.6,
    "focus": 62.2,
    "retention": 70.0,
    "assessment_score": 59.1,
    "engagement_time": 73.1
  },
  {
    "student_id": "S1070",
    "name": "Ira Joshi",
    "class": "11-A",
    "comprehension": 71.0,
    "attention": 71.0,
    "focus": 85.2,
    "retention": 62.1,
    "assessment_score": 77.2,
    "engagement_time": 86.7
  },
  {
    "student_id": "S1071",
    "name": "Aadhya Gupta",
    "class": "11-B",
    "comprehension": 68.8,
    "attention": 32.4,
    "focus": 17.2,
    "retention": 54.0,
    "assessment_score": 41.4,
    "engagement_time": 44.9
  },
  {
    "student_id": "S1072",
    "name": "Saanvi Chatterjee",
    "class": "10-A",
    "comprehension": 63.4,
    "attention": 49.7,
    "focus": 60.7,
    "retention": 41.6,
    "assessment_score": 52.2,
    "engagement_time": 50.6
  },
  {
    "student_id": "S1073",
    "name": "Vivaan Patel",
    "class": "10-A",
    "comprehension": 67.3,
    "attention": 89.7,
    "focus": 55.1,
    "retention": 62.3,
    "assessment_score": 62.8,
    "engagement_time": 48.4
  },
  {
    "student_id": "S1074",
    "name": "Rohan Iyer",
    "class": "10-A",
    "comprehension": 32.9,
    "attention": 42.7,
    "focus": 8.2,
    "retention": 16.8,
    "assessment_score": 20.9,
    "engagement_time": 59.4
  },
  {
    "student_id": "S1075",
    "name": "Diya Rastogi",
    "class": "12-A",
    "comprehension": 66.1,
    "attention": 67.1,
    "focus": 51.6,
    "retention": 86.2,
    "assessment_score": 67.7,
    "engagement_time": 60.7
  },
  {
    "student_id": "S1076",
    "name": "Ishaan Saxena",
    "class": "10-B",
    "comprehension": 46.2,
    "attention": 67.3,
    "focus": 40.5,
    "retention": 48.6,
    "assessment_score": 48.1,
    "engagement_time": 90.2
  },
  {
    "student_id": "S1077",
    "name": "Krishna Yadav",
    "class": "11-B",
    "comprehension": 47.2,
    "attention": 53.1,
    "focus": 63.2,
    "retention": 48.9,
    "assessment_score": 52.6,
    "engagement_time": 51.7
  },
  {
    "student_id": "S1078",
    "name": "Vivaan Kulkarni",
    "class": "10-A",
    "comprehension": 80.5,
    "attention": 96.2,
    "focus": 63.6,
    "retention": 54.0,
    "assessment_score": 63.5,
    "engagement_time": 56.7
  },
  {
    "student_id": "S1079",
    "name": "Ira Yadav",
    "class": "10-C",
    "comprehension": 42.1,
    "attention": 48.0,
    "focus": 50.9,
    "retention": 41.8,
    "assessment_score": 40.4,
    "engagement_time": 43.7
  },
  {
    "student_id": "S1080",
    "name": "Om Mukherjee",
    "class": "11-B",
    "comprehension": 52.7,
    "attention": 55.1,
    "focus": 59.8,
    "retention": 81.1,
    "assessment_score": 62.5,
    "engagement_time": 56.4
  },
  {
    "student_id": "S1081",
    "name": "Sara Mishra",
    "class": "11-B",
    "comprehension": 61.8,
    "attention": 55.8,
    "focus": 47.3,
    "retention": 53.9,
    "assessment_score": 51.0,
    "engagement_time": 58.7
  },
  {
    "student_id": "S1082",
    "name": "Rohan Sharma",
    "class": "10-B",
    "comprehension": 80.5,
    "attention": 67.4,
    "focus": 71.7,
    "retention": 72.1,
    "assessment_score": 82.0,
    "engagement_time": 82.7
  },
  {
    "student_id": "S1083",
    "name": "Meera Iyer",
    "class": "11-A",
    "comprehension": 65.3,
    "attention": 43.9,
    "focus": 39.2,
    "retention": 53.0,
    "assessment_score": 48.1,
    "engagement_time": 52.5
  },
  {
    "student_id": "S1084",
    "name": "Meera Mishra",
    "class": "10-B",
    "comprehension": 64.5,
    "attention": 59.9,
    "focus": 57.6,
    "retention": 62.1,
    "assessment_score": 60.5,
    "engagement_time": 66.8
  },
  {
    "student_id": "S1085",
    "name": "Aditi Das",
    "class": "10-A",
    "comprehension": 41.6,
    "attention": 18.1,
    "focus": 33.4,
    "retention": 59.3,
    "assessment_score": 42.0,
    "engagement_time": 9.6
  },
  {
    "student_id": "S1086",
    "name": "Aditi Rastogi",
    "class": "10-C",
    "comprehension": 77.8,
    "attention": 57.7,
    "focus": 51.2,
    "retention": 69.7,
    "assessment_score": 52.6,
    "engagement_time": 23.6
  },
  {
    "student_id": "S1087",
    "name": "Advait Iyer",
    "class": "10-C",
    "comprehension": 66.6,
    "attention": 53.3,
    "focus": 55.3,
    "retention": 55.2,
    "assessment_score": 46.5,
    "engagement_time": 67.7
  },
  {
    "student_id": "S1088",
    "name": "Riya Shetty",
    "class": "10-A",
    "comprehension": 54.1,
    "attention": 75.3,
    "focus": 60.0,
    "retention": 55.0,
    "assessment_score": 46.2,
    "engagement_time": 39.8
  },
  {
    "student_id": "S1089",
    "name": "Ishaan Naidu",
    "class": "10-C",
    "comprehension": 60.4,
    "attention": 67.8,
    "focus": 51.6,
    "retention": 68.9,
    "assessment_score": 63.5,
    "engagement_time": 13.2
  },
  {
    "student_id": "S1090",
    "name": "Aarav Das",
    "class": "10-B",
    "comprehension": 57.6,
    "attention": 56.7,
    "focus": 44.7,
    "retention": 62.7,
    "assessment_score": 49.7,
    "engagement_time": 56.3
  },
  {
    "student_id": "S1091",
    "name": "Saanvi Khan",
    "class": "12-A",
    "comprehension": 69.5,
    "attention": 80.7,
    "focus": 64.2,
    "retention": 67.7,
    "assessment_score": 82.6,
    "engagement_time": 84.5
  },
  {
    "student_id": "S1092",
    "name": "Saanvi Iyer",
    "class": "10-B",
    "comprehension": 53.5,
    "attention": 46.4,
    "focus": 27.2,
    "retention": 54.4,
    "assessment_score": 40.7,
    "engagement_time": 45.8
  },
  {
    "student_id": "S1093",
    "name": "Rohan Rastogi",
    "class": "12-A",
    "comprehension": 58.8,
    "attention": 51.8,
    "focus": 66.8,
    "retention": 67.2,
    "assessment_score": 60.7,
    "engagement_time": 75.8
  },
  {
    "student_id": "S1094",
    "name": "Riya Rastogi",
    "class": "10-A",
    "comprehension": 65.9,
    "attention": 75.4,
    "focus": 60.3,
    "retention": 66.5,
    "assessment_score": 72.0,
    "engagement_time": 58.5
  },
  {
    "student_id": "S1095",
    "name": "Saanvi Yadav",
    "class": "10-C",
    "comprehension": 36.2,
    "attention": 43.5,
    "focus": 31.1,
    "retention": 39.9,
    "assessment_score": 47.7,
    "engagement_time": 43.2
  },
  {
    "student_id": "S1096",
    "name": "Kabir Gupta",
    "class": "11-B",
    "comprehension": 66.7,
    "attention": 56.3,
    "focus": 67.3,
    "retention": 58.7,
    "assessment_score": 73.8,
    "engagement_time": 77.6
  },
  {
    "student_id": "S1097",
    "name": "Anaya Khan",
    "class": "11-A",
    "comprehension": 43.2,
    "attention": 60.8,
    "focus": 41.1,
    "retention": 59.1,
    "assessment_score": 54.2,
    "engagement_time": 52.3
  },
  {
    "student_id": "S1098",
    "name": "Tara Mukherjee",
    "class": "11-B",
    "comprehension": 71.2,
    "attention": 54.6,
    "focus": 71.9,
    "retention": 71.4,
    "assessment_score": 71.8,
    "engagement_time": 66.8
  },
  {
    "student_id": "S1099",
    "name": "Arjun Sharma",
    "class": "12-A",
    "comprehension": 60.5,
    "attention": 44.5,
    "focus": 55.1,
    "retention": 43.4,
    "assessment_score": 54.8,
    "engagement_time": 65.4
  },
  {
    "student_id": "S1100",
    "name": "Aarya Mehta",
    "class": "10-B",
    "comprehension": 47.4,
    "attention": 47.4,
    "focus": 27.1,
    "retention": 36.5,
    "assessment_score": 42.5,
    "engagement_time": 33.0
  },
  {
    "student_id": "S1101",
    "name": "Reyansh Sharma",
    "class": "10-B",
    "comprehension": 24.2,
    "attention": 71.5,
    "focus": 54.6,
    "retention": 40.3,
    "assessment_score": 38.4,
    "engagement_time": 61.2
  },
  {
    "student_id": "S1102",
    "name": "Ananya Joshi",
    "class": "10-B",
    "comprehension": 77.3,
    "attention": 44.3,
    "focus": 49.7,
    "retention": 52.8,
    "assessment_score": 52.4,
    "engagement_time": 59.3
  },
  {
    "student_id": "S1103",
    "name": "Neha Nair",
    "class": "10-B",
    "comprehension": 52.0,
    "attention": 62.1,
    "focus": 37.1,
    "retention": 61.8,
    "assessment_score": 49.6,
    "engagement_time": 49.0
  },
  {
    "student_id": "S1104",
    "name": "Aadhya Patel",
    "class": "11-A",
    "comprehension": 66.2,
    "attention": 48.2,
    "focus": 31.2,
    "retention": 53.1,
    "assessment_score": 49.1,
    "engagement_time": 60.8
  },
  {
    "student_id": "S1105",
    "name": "Aadhya Singh",
    "class": "10-A",
    "comprehension": 52.8,
    "attention": 57.0,
    "focus": 61.9,
    "retention": 58.6,
    "assessment_score": 50.8,
    "engagement_time": 40.9
  },
  {
    "student_id": "S1106",
    "name": "Vivaan Reddy",
    "class": "10-B",
    "comprehension": 94.8,
    "attention": 80.8,
    "focus": 61.2,
    "retention": 64.9,
    "assessment_score": 78.0,
    "engagement_time": 68.8
  },
  {
    "student_id": "S1107",
    "name": "Ritvik Chatterjee",
    "class": "12-A",
    "comprehension": 44.7,
    "attention": 43.8,
    "focus": 65.9,
    "retention": 60.8,
    "assessment_score": 56.3,
    "engagement_time": 45.8
  },
  {
    "student_id": "S1108",
    "name": "Pranav Reddy",
    "class": "10-C",
    "comprehension": 58.9,
    "attention": 65.8,
    "focus": 34.0,
    "retention": 66.2,
    "assessment_score": 54.7,
    "engagement_time": 75.9
  },
  {
    "student_id": "S1109",
    "name": "Aditi Mishra",
    "class": "11-A",
    "comprehension": 73.9,
    "attention": 45.2,
    "focus": 68.5,
    "retention": 76.8,
    "assessment_score": 74.0,
    "engagement_time": 57.7
  },
  {
    "student_id": "S1110",
    "name": "Aditi Gupta",
    "class": "12-A",
    "comprehension": 32.0,
    "attention": 40.0,
    "focus": 40.6,
    "retention": 25.5,
    "assessment_score": 26.5,
    "engagement_time": 50.0
  },
  {
    "student_id": "S1111",
    "name": "Diya Saxena",
    "class": "12-A",
    "comprehension": 67.1,
    "attention": 66.8,
    "focus": 62.9,
    "retention": 60.6,
    "assessment_score": 61.3,
    "engagement_time": 78.5
  },
  {
    "student_id": "S1112",
    "name": "Reyansh Mishra",
    "class": "10-B",
    "comprehension": 72.7,
    "attention": 62.9,
    "focus": 54.7,
    "retention": 60.6,
    "assessment_score": 58.0,
    "engagement_time": 83.8
  },
  {
    "student_id": "S1113",
    "name": "Ishaan Das",
    "class": "10-C",
    "comprehension": 94.2,
    "attention": 76.2,
    "focus": 77.6,
    "retention": 100.0,
    "assessment_score": 72.5,
    "engagement_time": 71.1
  },
  {
    "student_id": "S1114",
    "name": "Saanvi Yadav",
    "class": "10-B",
    "comprehension": 64.8,
    "attention": 60.7,
    "focus": 65.2,
    "retention": 55.9,
    "assessment_score": 59.4,
    "engagement_time": 68.8
  },
  {
    "student_id": "S1115",
    "name": "Krishna Verma",
    "class": "12-A",
    "comprehension": 67.3,
    "attention": 70.0,
    "focus": 66.1,
    "retention": 59.7,
    "assessment_score": 60.3,
    "engagement_time": 33.6
  },
  {
    "student_id": "S1116",
    "name": "Arjun Mishra",
    "class": "10-A",
    "comprehension": 87.3,
    "attention": 69.6,
    "focus": 60.4,
    "retention": 63.0,
    "assessment_score": 76.9,
    "engagement_time": 45.2
  },
  {
    "student_id": "S1117",
    "name": "Aditi Verma",
    "class": "11-A",
    "comprehension": 39.7,
    "attention": 31.7,
    "focus": 42.8,
    "retention": 39.8,
    "assessment_score": 41.6,
    "engagement_time": 44.7
  },
  {
    "student_id": "S1118",
    "name": "Ishita Nair",
    "class": "10-A",
    "comprehension": 76.7,
    "attention": 73.2,
    "focus": 56.7,
    "retention": 62.4,
    "assessment_score": 57.8,
    "engagement_time": 47.7
  },
  {
    "student_id": "S1119",
    "name": "Ira Saxena",
    "class": "11-A",
    "comprehension": 78.7,
    "attention": 73.0,
    "focus": 52.8,
    "retention": 63.2,
    "assessment_score": 75.1,
    "engagement_time": 48.6
  },
  {
    "student_id": "S1120",
    "name": "Aarohi Joshi",
    "class": "10-B",
    "comprehension": 76.8,
    "attention": 46.4,
    "focus": 60.1,
    "retention": 75.4,
    "assessment_score": 71.3,
    "engagement_time": 55.0
  },
  {
    "student_id": "S1121",
    "name": "Om Mukherjee",
    "class": "10-B",
    "comprehension": 63.9,
    "attention": 60.6,
    "focus": 32.7,
    "retention": 32.8,
    "assessment_score": 51.2,
    "engagement_time": 68.1
  },
  {
    "student_id": "S1122",
    "name": "Om Iyer",
    "class": "11-A",
    "comprehension": 75.6,
    "attention": 56.3,
    "focus": 32.6,
    "retention": 66.7,
    "assessment_score": 55.1,
    "engagement_time": 42.1
  },
  {
    "student_id": "S1123",
    "name": "Aadhya Bose",
    "class": "10-C",
    "comprehension": 44.1,
    "attention": 69.6,
    "focus": 77.5,
    "retention": 38.4,
    "assessment_score": 48.4,
    "engagement_time": 85.4
  },
  {
    "student_id": "S1124",
    "name": "Vivaan Mehta",
    "class": "10-C",
    "comprehension": 74.2,
    "attention": 45.3,
    "focus": 44.1,
    "retention": 68.9,
    "assessment_score": 55.2,
    "engagement_time": 41.9
  },
  {
    "student_id": "S1125",
    "name": "Aarav Singh",
    "class": "10-B",
    "comprehension": 62.9,
    "attention": 46.8,
    "focus": 46.1,
    "retention": 54.0,
    "assessment_score": 55.9,
    "engagement_time": 8.8
  },
  {
    "student_id": "S1126",
    "name": "Tara Bose",
    "class": "10-B",
    "comprehension": 53.7,
    "attention": 38.8,
    "focus": 59.8,
    "retention": 40.2,
    "assessment_score": 59.1,
    "engagement_time": 52.8
  },
  {
    "student_id": "S1127",
    "name": "Zara Bose",
    "class": "10-A",
    "comprehension": 49.0,
    "attention": 59.8,
    "focus": 61.6,
    "retention": 54.6,
    "assessment_score": 62.1,
    "engagement_time": 60.3
  },
  {
    "student_id": "S1128",
    "name": "Aarav Reddy",
    "class": "12-A",
    "comprehension": 63.4,
    "attention": 67.5,
    "focus": 52.6,
    "retention": 75.8,
    "assessment_score": 57.2,
    "engagement_time": 42.3
  },
  {
    "student_id": "S1129",
    "name": "Ishita Rastogi",
    "class": "10-B",
    "comprehension": 57.9,
    "attention": 47.6,
    "focus": 46.5,
    "retention": 49.2,
    "assessment_score": 43.6,
    "engagement_time": 69.5
  },
  {
    "student_id": "S1130",
    "name": "Vihaan Bose",
    "class": "11-A",
    "comprehension": 43.6,
    "attention": 50.0,
    "focus": 44.8,
    "retention": 27.9,
    "assessment_score": 42.3,
    "engagement_time": 75.8
  },
  {
    "student_id": "S1131",
    "name": "Vivaan Patel",
    "class": "10-C",
    "comprehension": 54.8,
    "attention": 30.4,
    "focus": 28.9,
    "retention": 71.6,
    "assessment_score": 36.3,
    "engagement_time": 60.5
  },
  {
    "student_id": "S1132",
    "name": "Rohan Mehta",
    "class": "10-C",
    "comprehension": 61.9,
    "attention": 47.1,
    "focus": 51.1,
    "retention": 23.3,
    "assessment_score": 48.3,
    "engagement_time": 50.7
  },
  {
    "student_id": "S1133",
    "name": "Vivaan Mukherjee",
    "class": "10-A",
    "comprehension": 62.3,
    "attention": 41.8,
    "focus": 25.0,
    "retention": 28.5,
    "assessment_score": 41.1,
    "engagement_time": 67.2
  },
  {
    "student_id": "S1134",
    "name": "Aadhya Das",
    "class": "10-C",
    "comprehension": 49.7,
    "attention": 49.6,
    "focus": 70.1,
    "retention": 52.1,
    "assessment_score": 50.6,
    "engagement_time": 66.9
  },
  {
    "student_id": "S1135",
    "name": "Meera Chatterjee",
    "class": "10-C",
    "comprehension": 86.2,
    "attention": 72.3,
    "focus": 63.3,
    "retention": 64.1,
    "assessment_score": 59.2,
    "engagement_time": 46.2
  },
  {
    "student_id": "S1136",
    "name": "Kabir Mishra",
    "class": "12-A",
    "comprehension": 53.9,
    "attention": 32.2,
    "focus": 39.9,
    "retention": 27.2,
    "assessment_score": 42.0,
    "engagement_time": 33.9
  },
  {
    "student_id": "S1137",
    "name": "Diya Singh",
    "class": "11-B",
    "comprehension": 39.4,
    "attention": 47.1,
    "focus": 57.2,
    "retention": 55.9,
    "assessment_score": 43.0,
    "engagement_time": 44.6
  },
  {
    "student_id": "S1138",
    "name": "Zara Chatterjee",
    "class": "11-A",
    "comprehension": 78.8,
    "attention": 81.6,
    "focus": 80.3,
    "retention": 67.3,
    "assessment_score": 65.2,
    "engagement_time": 52.1
  },
  {
    "student_id": "S1139",
    "name": "Aadhya Chatterjee",
    "class": "12-A",
    "comprehension": 45.7,
    "attention": 33.6,
    "focus": 49.8,
    "retention": 28.8,
    "assessment_score": 22.4,
    "engagement_time": 48.8
  },
  {
    "student_id": "S1140",
    "name": "Nisha Shetty",
    "class": "11-B",
    "comprehension": 54.5,
    "attention": 62.6,
    "focus": 20.3,
    "retention": 35.9,
    "assessment_score": 41.3,
    "engagement_time": 45.5
  },
  {
    "student_id": "S1141",
    "name": "Kabir Iyer",
    "class": "10-C",
    "comprehension": 87.7,
    "attention": 59.3,
    "focus": 45.6,
    "retention": 79.7,
    "assessment_score": 77.9,
    "engagement_time": 56.0
  },
  {
    "student_id": "S1142",
    "name": "Ananya Saxena",
    "class": "10-A",
    "comprehension": 39.7,
    "attention": 50.4,
    "focus": 37.8,
    "retention": 43.0,
    "assessment_score": 50.9,
    "engagement_time": 62.5
  },
  {
    "student_id": "S1143",
    "name": "Krishna Joshi",
    "class": "10-A",
    "comprehension": 61.3,
    "attention": 72.3,
    "focus": 46.2,
    "retention": 51.2,
    "assessment_score": 52.2,
    "engagement_time": 64.8
  },
  {
    "student_id": "S1144",
    "name": "Krishna Shetty",
    "class": "10-C",
    "comprehension": 52.4,
    "attention": 26.4,
    "focus": 53.0,
    "retention": 75.6,
    "assessment_score": 48.1,
    "engagement_time": 61.6
  },
  {
    "student_id": "S1145",
    "name": "Om Patel",
    "class": "10-B",
    "comprehension": 68.2,
    "attention": 58.0,
    "focus": 49.3,
    "retention": 50.2,
    "assessment_score": 56.9,
    "engagement_time": 33.5
  },
  {
    "student_id": "S1146",
    "name": "Meera Rastogi",
    "class": "11-B",
    "comprehension": 24.1,
    "attention": 39.4,
    "focus": 29.2,
    "retention": 12.7,
    "assessment_score": 17.0,
    "engagement_time": 5.0
  },
  {
    "student_id": "S1147",
    "name": "Aarohi Iyer",
    "class": "10-C",
    "comprehension": 18.5,
    "attention": 29.6,
    "focus": 17.9,
    "retention": 22.0,
    "assessment_score": 23.4,
    "engagement_time": 50.1
  },
  {
    "student_id": "S1148",
    "name": "Vihaan Kulkarni",
    "class": "10-A",
    "comprehension": 76.9,
    "attention": 60.9,
    "focus": 37.9,
    "retention": 54.7,
    "assessment_score": 59.9,
    "engagement_time": 23.9
  },
  {
    "student_id": "S1149",
    "name": "Ritvik Mehta",
    "class": "10-A",
    "comprehension": 51.1,
    "attention": 51.5,
    "focus": 33.2,
    "retention": 58.1,
    "assessment_score": 53.5,
    "engagement_time": 47.1
  },
  {
    "student_id": "S1150",
    "name": "Nisha Iyer",
    "class": "11-B",
    "comprehension": 53.7,
    "attention": 64.1,
    "focus": 45.0,
    "retention": 54.3,
    "assessment_score": 49.6,
    "engagement_time": 39.2
  },
  {
    "student_id": "S1151",
    "name": "Aadhya Verma",
    "class": "11-A",
    "comprehension": 50.2,
    "attention": 72.6,
    "focus": 54.4,
    "retention": 68.4,
    "assessment_score": 54.1,
    "engagement_time": 43.7
  },
  {
    "student_id": "S1152",
    "name": "Kabir Mishra",
    "class": "10-C",
    "comprehension": 51.2,
    "attention": 72.8,
    "focus": 45.9,
    "retention": 34.1,
    "assessment_score": 43.2,
    "engagement_time": 71.4
  },
  {
    "student_id": "S1153",
    "name": "Om Gupta",
    "class": "12-A",
    "comprehension": 47.5,
    "attention": 61.7,
    "focus": 63.0,
    "retention": 72.0,
    "assessment_score": 51.5,
    "engagement_time": 62.5
  },
  {
    "student_id": "S1154",
    "name": "Krishna Khan",
    "class": "10-C",
    "comprehension": 78.9,
    "attention": 64.5,
    "focus": 41.0,
    "retention": 55.1,
    "assessment_score": 57.0,
    "engagement_time": 44.1
  },
  {
    "student_id": "S1155",
    "name": "Sara Naidu",
    "class": "11-A",
    "comprehension": 52.6,
    "attention": 36.7,
    "focus": 66.7,
    "retention": 52.8,
    "assessment_score": 50.7,
    "engagement_time": 5.0
  },
  {
    "student_id": "S1156",
    "name": "Aadhya Reddy",
    "class": "11-B",
    "comprehension": 73.5,
    "attention": 70.2,
    "focus": 66.8,
    "retention": 78.6,
    "assessment_score": 73.2,
    "engagement_time": 44.6
  },
  {
    "student_id": "S1157",
    "name": "Om Mishra",
    "class": "11-B",
    "comprehension": 84.1,
    "attention": 54.7,
    "focus": 52.3,
    "retention": 62.3,
    "assessment_score": 58.5,
    "engagement_time": 55.4
  },
  {
    "student_id": "S1158",
    "name": "Ananya Patel",
    "class": "10-A",
    "comprehension": 56.4,
    "attention": 53.6,
    "focus": 38.1,
    "retention": 47.3,
    "assessment_score": 55.4,
    "engagement_time": 34.7
  },
  {
    "student_id": "S1159",
    "name": "Aarohi Mishra",
    "class": "11-A",
    "comprehension": 57.2,
    "attention": 51.8,
    "focus": 53.0,
    "retention": 61.7,
    "assessment_score": 51.6,
    "engagement_time": 45.8
  },
  {
    "student_id": "S1160",
    "name": "Pranav Sharma",
    "class": "11-B",
    "comprehension": 25.3,
    "attention": 56.3,
    "focus": 45.1,
    "retention": 51.7,
    "assessment_score": 39.9,
    "engagement_time": 59.0
  },
  {
    "student_id": "S1161",
    "name": "Vivaan Bose",
    "class": "10-B",
    "comprehension": 100.0,
    "attention": 100.0,
    "focus": 75.1,
    "retention": 85.6,
    "assessment_score": 81.6,
    "engagement_time": 80.1
  },
  {
    "student_id": "S1162",
    "name": "Ishaan Shetty",
    "class": "10-C",
    "comprehension": 59.6,
    "attention": 78.7,
    "focus": 86.7,
    "retention": 68.1,
    "assessment_score": 52.4,
    "engagement_time": 53.5
  },
  {
    "student_id": "S1163",
    "name": "Reyansh Chatterjee",
    "class": "10-A",
    "comprehension": 33.8,
    "attention": 49.3,
    "focus": 50.2,
    "retention": 53.7,
    "assessment_score": 47.9,
    "engagement_time": 43.2
  },
  {
    "student_id": "S1164",
    "name": "Kabir Kulkarni",
    "class": "12-A",
    "comprehension": 87.0,
    "attention": 87.9,
    "focus": 78.3,
    "retention": 66.4,
    "assessment_score": 81.2,
    "engagement_time": 79.2
  },
  {
    "student_id": "S1165",
    "name": "Neha Patel",
    "class": "11-A",
    "comprehension": 84.6,
    "attention": 53.3,
    "focus": 40.0,
    "retention": 72.9,
    "assessment_score": 60.5,
    "engagement_time": 45.8
  },
  {
    "student_id": "S1166",
    "name": "Ishaan Kulkarni",
    "class": "10-A",
    "comprehension": 80.1,
    "attention": 43.4,
    "focus": 57.7,
    "retention": 55.4,
    "assessment_score": 60.6,
    "engagement_time": 55.3
  },
  {
    "student_id": "S1167",
    "name": "Aarav Kulkarni",
    "class": "11-B",
    "comprehension": 85.6,
    "attention": 64.5,
    "focus": 82.6,
    "retention": 96.6,
    "assessment_score": 80.9,
    "engagement_time": 39.2
  },
  {
    "student_id": "S1168",
    "name": "Sara Naidu",
    "class": "11-B",
    "comprehension": 58.6,
    "attention": 33.8,
    "focus": 43.3,
    "retention": 49.9,
    "assessment_score": 37.4,
    "engagement_time": 47.5
  },
  {
    "student_id": "S1169",
    "name": "Riya Shetty",
    "class": "12-A",
    "comprehension": 52.1,
    "attention": 39.1,
    "focus": 59.4,
    "retention": 22.9,
    "assessment_score": 39.4,
    "engagement_time": 30.5
  },
  {
    "student_id": "S1170",
    "name": "Ishita Mishra",
    "class": "12-A",
    "comprehension": 55.3,
    "attention": 49.4,
    "focus": 55.0,
    "retention": 44.0,
    "assessment_score": 54.2,
    "engagement_time": 50.7
  },
  {
    "student_id": "S1171",
    "name": "Meera Chatterjee",
    "class": "12-A",
    "comprehension": 57.4,
    "attention": 74.3,
    "focus": 45.8,
    "retention": 37.5,
    "assessment_score": 44.7,
    "engagement_time": 84.7
  },
  {
    "student_id": "S1172",
    "name": "Diya Verma",
    "class": "12-A",
    "comprehension": 68.3,
    "attention": 74.0,
    "focus": 75.6,
    "retention": 69.2,
    "assessment_score": 68.6,
    "engagement_time": 49.8
  },
  {
    "student_id": "S1173",
    "name": "Riya Verma",
    "class": "12-A",
    "comprehension": 67.7,
    "attention": 67.1,
    "focus": 76.0,
    "retention": 53.7,
    "assessment_score": 54.0,
    "engagement_time": 40.3
  },
  {
    "student_id": "S1174",
    "name": "Vihaan Singh",
    "class": "10-B",
    "comprehension": 69.4,
    "attention": 89.8,
    "focus": 85.8,
    "retention": 61.4,
    "assessment_score": 75.7,
    "engagement_time": 100.9
  },
  {
    "student_id": "S1175",
    "name": "Ritvik Mishra",
    "class": "10-C",
    "comprehension": 56.9,
    "attention": 32.5,
    "focus": 27.4,
    "retention": 35.9,
    "assessment_score": 39.2,
    "engagement_time": 40.7
  },
  {
    "student_id": "S1176",
    "name": "Vihaan Mehta",
    "class": "11-A",
    "comprehension": 47.6,
    "attention": 68.6,
    "focus": 52.8,
    "retention": 51.8,
    "assessment_score": 41.0,
    "engagement_time": 53.4
  },
  {
    "student_id": "S1177",
    "name": "Vihaan Patel",
    "class": "10-A",
    "comprehension": 77.8,
    "attention": 83.0,
    "focus": 58.1,
    "retention": 41.6,
    "assessment_score": 70.1,
    "engagement_time": 70.8
  },
  {
    "student_id": "S1178",
    "name": "Zara Chatterjee",
    "class": "12-A",
    "comprehension": 56.5,
    "attention": 57.1,
    "focus": 75.0,
    "retention": 41.6,
    "assessment_score": 51.5,
    "engagement_time": 70.2
  },
  {
    "student_id": "S1179",
    "name": "Saanvi Mukherjee",
    "class": "10-C",
    "comprehension": 71.6,
    "attention": 86.2,
    "focus": 60.7,
    "retention": 83.8,
    "assessment_score": 65.6,
    "engagement_time": 70.7
  },
  {
    "student_id": "S1180",
    "name": "Ishaan Patel",
    "class": "11-B",
    "comprehension": 63.2,
    "attention": 60.4,
    "focus": 46.4,
    "retention": 65.3,
    "assessment_score": 57.4,
    "engagement_time": 53.1
  },
  {
    "student_id": "S1181",
    "name": "Saanvi Reddy",
    "class": "10-C",
    "comprehension": 57.2,
    "attention": 38.9,
    "focus": 23.2,
    "retention": 44.8,
    "assessment_score": 48.0,
    "engagement_time": 38.5
  },
  {
    "student_id": "S1182",
    "name": "Rohan Khan",
    "class": "12-A",
    "comprehension": 42.1,
    "attention": 35.6,
    "focus": 24.3,
    "retention": 18.0,
    "assessment_score": 25.5,
    "engagement_time": 59.9
  },
  {
    "student_id": "S1183",
    "name": "Vivaan Yadav",
    "class": "10-A",
    "comprehension": 49.4,
    "attention": 85.0,
    "focus": 54.6,
    "retention": 55.2,
    "assessment_score": 54.2,
    "engagement_time": 37.6
  },
  {
    "student_id": "S1184",
    "name": "Vivaan Saxena",
    "class": "12-A",
    "comprehension": 41.3,
    "attention": 50.9,
    "focus": 47.4,
    "retention": 46.3,
    "assessment_score": 46.5,
    "engagement_time": 55.0
  },
  {
    "student_id": "S1185",
    "name": "Rohan Bose",
    "class": "10-C",
    "comprehension": 78.0,
    "attention": 69.2,
    "focus": 69.6,
    "retention": 48.0,
    "assessment_score": 68.6,
    "engagement_time": 59.3
  },
  {
    "student_id": "S1186",
    "name": "Ira Iyer",
    "class": "11-B",
    "comprehension": 55.7,
    "attention": 60.0,
    "focus": 67.7,
    "retention": 78.0,
    "assessment_score": 63.2,
    "engagement_time": 76.6
  },
  {
    "student_id": "S1187",
    "name": "Neha Singh",
    "class": "10-C",
    "comprehension": 65.7,
    "attention": 63.7,
    "focus": 78.6,
    "retention": 71.8,
    "assessment_score": 66.2,
    "engagement_time": 98.9
  },
  {
    "student_id": "S1188",
    "name": "Aadhya Singh",
    "class": "12-A",
    "comprehension": 61.0,
    "attention": 67.9,
    "focus": 57.0,
    "retention": 44.9,
    "assessment_score": 50.4,
    "engagement_time": 64.9
  },
  {
    "student_id": "S1189",
    "name": "Aarya Patel",
    "class": "11-A",
    "comprehension": 24.9,
    "attention": 27.3,
    "focus": 16.0,
    "retention": 32.5,
    "assessment_score": 24.7,
    "engagement_time": 34.8
  },
  {
    "student_id": "S1190",
    "name": "Aarya Reddy",
    "class": "10-C",
    "comprehension": 48.4,
    "attention": 46.1,
    "focus": 43.0,
    "retention": 45.5,
    "assessment_score": 37.8,
    "engagement_time": 49.1
  },
  {
    "student_id": "S1191",
    "name": "Krishna Saxena",
    "class": "11-A",
    "comprehension": 57.9,
    "attention": 64.9,
    "focus": 64.0,
    "retention": 40.7,
    "assessment_score": 36.2,
    "engagement_time": 48.7
  },
  {
    "student_id": "S1192",
    "name": "Zara Singh",
    "class": "12-A",
    "comprehension": 47.5,
    "attention": 53.7,
    "focus": 39.6,
    "retention": 45.7,
    "assessment_score": 47.9,
    "engagement_time": 67.4
  },
  {
    "student_id": "S1193",
    "name": "Saanvi Mehta",
    "class": "10-C",
    "comprehension": 58.5,
    "attention": 65.9,
    "focus": 50.9,
    "retention": 39.1,
    "assessment_score": 57.9,
    "engagement_time": 77.0
  },
  {
    "student_id": "S1194",
    "name": "Arjun Das",
    "class": "11-B",
    "comprehension": 54.0,
    "attention": 82.5,
    "focus": 53.1,
    "retention": 48.7,
    "assessment_score": 40.6,
    "engagement_time": 61.7
  },
  {
    "student_id": "S1195",
    "name": "Kabir Saxena",
    "class": "10-B",
    "comprehension": 63.7,
    "attention": 51.2,
    "focus": 60.1,
    "retention": 51.5,
    "assessment_score": 49.1,
    "engagement_time": 50.1
  },
  {
    "student_id": "S1196",
    "name": "Ishita Mehta",
    "class": "10-B",
    "comprehension": 36.0,
    "attention": 30.3,
    "focus": 25.2,
    "retention": 55.4,
    "assessment_score": 37.5,
    "engagement_time": 12.2
  },
  {
    "student_id": "S1197",
    "name": "Aadhya Das",
    "class": "11-A",
    "comprehension": 72.7,
    "attention": 59.7,
    "focus": 76.3,
    "retention": 69.0,
    "assessment_score": 79.0,
    "engagement_time": 54.7
  },
  {
    "student_id": "S1198",
    "name": "Ira Gupta",
    "class": "12-A",
    "comprehension": 59.8,
    "attention": 52.0,
    "focus": 50.3,
    "retention": 46.0,
    "assessment_score": 51.9,
    "engagement_time": 69.6
  },
  {
    "student_id": "S1199",
    "name": "Meera Rastogi",
    "class": "11-A",
    "comprehension": 66.6,
    "attention": 62.1,
    "focus": 60.0,
    "retention": 52.4,
    "assessment_score": 53.9,
    "engagement_time": 58.0
  }
]